-- ============================================================
-- INSERTS COMPLETOS - DOMINIO GEOGRAPHY
-- ============================================================

-- 🥇 1. time_zone
INSERT INTO geography.time_zone (time_zone_id, time_zone_name, utc_offset_minutes) VALUES
('11111111-1111-1111-1111-111111111111', 'UTC-5 Colombia', -300),
('22222222-2222-2222-2222-222222222222', 'UTC-5 Peru', -300),
('33333333-3333-3333-3333-333333333333', 'UTC-4 Venezuela', -240),
('44444444-4444-4444-4444-444444444444', 'UTC-3 Brazil', -180),
('55555555-5555-5555-5555-555555555555', 'UTC-6 Mexico', -360);

-- 🥇 2. continent
INSERT INTO geography.continent (continent_id, continent_code, continent_name) VALUES
('a1111111-1111-1111-1111-111111111111', 'SA', 'SouthAmerica'),
('a2222222-2222-2222-2222-222222222222', 'NA', 'NorthAmerica'),
('a3333333-3333-3333-3333-333333333333', 'EU', 'Europe'),
('a4444444-4444-4444-4444-444444444444', 'AS', 'Asia'),
('a5555555-5555-5555-5555-555555555555', 'AF', 'Africa');

-- 🥇 3. country
INSERT INTO geography.country (country_id, continent_id, iso_alpha2, iso_alpha3, country_name) VALUES
('b1111111-1111-1111-1111-111111111111', 'a1111111-1111-1111-1111-111111111111', 'CO', 'COL', 'Colombia'),
('b2222222-2222-2222-2222-222222222222', 'a2222222-2222-2222-2222-222222222222', 'US', 'USA', 'UnitedStates'),
('b3333333-3333-3333-3333-333333333333', 'a2222222-2222-2222-2222-222222222222', 'MX', 'MEX', 'Mexico'),
('b4444444-4444-4444-4444-444444444444', 'a1111111-1111-1111-1111-111111111111', 'BR', 'BRA', 'Brazil'),
('b5555555-5555-5555-5555-555555555555', 'a1111111-1111-1111-1111-111111111111', 'AR', 'ARG', 'Argentina');

-- 🥈 4. state_province
INSERT INTO geography.state_province (state_province_id, country_id, state_code, state_name) VALUES
('c1111111-1111-1111-1111-111111111111', 'b1111111-1111-1111-1111-111111111111', 'HUI', 'Huila'),
('c2222222-2222-2222-2222-222222222222', 'b1111111-1111-1111-1111-111111111111', 'CUN', 'Cundinamarca'),
('c3333333-3333-3333-3333-333333333333', 'b2222222-2222-2222-2222-222222222222', 'FL', 'Florida'),
('c4444444-4444-4444-4444-444444444444', 'b3333333-3333-3333-3333-333333333333', 'QR', 'QuintanaRoo'),
('c5555555-5555-5555-5555-555555555555', 'b4444444-4444-4444-4444-444444444444', 'SP', 'SaoPaulo');

-- 🥉 5. city
INSERT INTO geography.city (city_id, state_province_id, time_zone_id, city_name) VALUES
('d1111111-1111-1111-1111-111111111111', 'c1111111-1111-1111-1111-111111111111', '11111111-1111-1111-1111-111111111111', 'Neiva'),
('d2222222-2222-2222-2222-222222222222', 'c2222222-2222-2222-2222-222222222222', '11111111-1111-1111-1111-111111111111', 'Bogota'),
('d3333333-3333-3333-3333-333333333333', 'c3333333-3333-3333-3333-333333333333', '22222222-2222-2222-2222-222222222222', 'Miami'),
('d4444444-4444-4444-4444-444444444444', 'c4444444-4444-4444-4444-444444444444', '55555555-5555-5555-5555-555555555555', 'Cancun'),
('d5555555-5555-5555-5555-555555555555', 'c5555555-5555-5555-5555-555555555555', '44444444-4444-4444-4444-444444444444', 'SaoPaulo');

-- 🏅 6. district
INSERT INTO geography.district (district_id, city_id, district_name) VALUES
('e1111111-1111-1111-1111-111111111111', 'd1111111-1111-1111-1111-111111111111', 'CentroNeiva'),
('e2222222-2222-2222-2222-222222222222', 'd2222222-2222-2222-2222-222222222222', 'CentroBogota'),
('e3333333-3333-3333-3333-333333333333', 'd3333333-3333-3333-3333-333333333333', 'DowntownMiami'),
('e4444444-4444-4444-4444-444444444444', 'd4444444-4444-4444-4444-444444444444', 'ZonaHotelera'),
('e5555555-5555-5555-5555-555555555555', 'd5555555-5555-5555-5555-555555555555', 'CentroSaoPaulo');

-- 🏁 7. address
INSERT INTO geography.address (address_id, district_id, address_line_1, postal_code, latitude, longitude) VALUES
('f1111111-1111-1111-1111-111111111111', 'e1111111-1111-1111-1111-111111111111', 'Calle1', '410001', 2.9386, -75.2809),
('f2222222-2222-2222-2222-222222222222', 'e2222222-2222-2222-2222-222222222222', 'Calle2', '110111', 4.7110, -74.0721),
('f3333333-3333-3333-3333-333333333333', 'e3333333-3333-3333-3333-333333333333', 'Street1', '33101', 25.7617, -80.1918),
('f4444444-4444-4444-4444-444444444444', 'e4444444-4444-4444-4444-444444444444', 'Avenue1', '77500', 21.1619, -86.8515),
('f5555555-5555-5555-5555-555555555555', 'e5555555-5555-5555-5555-555555555555', 'Rua1', '01000', -23.5505, -46.6333);

-- 💰 8. currency
INSERT INTO geography.currency (currency_id, iso_currency_code, currency_name, currency_symbol, minor_units) VALUES
('g1111111-1111-1111-1111-111111111111', 'COP', 'PesoColombiano', '$', 2),
('g2222222-2222-2222-2222-222222222222', 'USD', 'USADollar', '$', 2),
('g3333333-3333-3333-3333-333333333333', 'MXN', 'PesoMexicano', '$', 2),
('g4444444-4444-4444-4444-444444444444', 'BRL', 'RealBrasileno', 'R$', 2),
('g5555555-5555-5555-5555-555555555555', 'ARS', 'PesoArgentino', '$', 2);