-- ============================================================
-- INSERTS COMPLETOS - DOMINIO IDENTITY
-- ============================================================

-- 🥇 1. person_type
INSERT INTO identity.person_type (person_type_id, type_code, type_name) VALUES
('p1111111-1111-1111-1111-111111111111', 'PASSENGER', 'Passenger'),
('p2222222-2222-2222-2222-222222222222', 'EMPLOYEE', 'Employee'),
('p3333333-3333-3333-3333-333333333333', 'PILOT', 'Pilot'),
('p4444444-4444-4444-4444-444444444444', 'CREW', 'Crew'),
('p5555555-5555-5555-5555-555555555555', 'ADMIN', 'Admin');

-- 🥇 2. document_type
INSERT INTO identity.document_type (document_type_id, type_code, type_name) VALUES
('d1111111-aaaa-1111-1111-111111111111', 'CC', 'Cedula'),
('d2222222-aaaa-2222-2222-222222222222', 'PASS', 'Passport'),
('d3333333-aaaa-3333-3333-333333333333', 'DL', 'DriverLicense'),
('d4444444-aaaa-4444-4444-444444444444', 'ID', 'IdentityCard'),
('d5555555-aaaa-5555-5555-555555555555', 'VISA', 'Visa');

-- 🥇 3. contact_type
INSERT INTO identity.contact_type (contact_type_id, type_code, type_name) VALUES
('c1111111-aaaa-1111-1111-111111111111', 'EMAIL', 'Email'),
('c2222222-aaaa-2222-2222-222222222222', 'PHONE', 'Phone'),
('c3333333-aaaa-3333-3333-333333333333', 'WHATSAPP', 'Whatsapp'),
('c4444444-aaaa-4444-4444-444444444444', 'ADDRESS', 'Address'),
('c5555555-aaaa-5555-5555-555555555555', 'EMERGENCY', 'Emergency');

-- 🥈 4. person
INSERT INTO identity.person (
    person_id, person_type_id, nationality_country_id,
    first_name, middle_name, last_name, second_last_name,
    birth_date, gender_code
) VALUES
('u1111111-1111-1111-1111-111111111111', 'p1111111-1111-1111-1111-111111111111', 'b1111111-1111-1111-1111-111111111111', 'Juan', NULL, 'Perez', NULL, '1995-05-10', 'M'),
('u2222222-2222-2222-2222-222222222222', 'p2222222-2222-2222-2222-222222222222', 'b1111111-1111-1111-1111-111111111111', 'Maria', NULL, 'Lopez', NULL, '1990-03-20', 'F'),
('u3333333-3333-3333-3333-333333333333', 'p3333333-3333-3333-3333-333333333333', 'b2222222-2222-2222-2222-222222222222', 'Carlos', NULL, 'Ruiz', NULL, '1985-07-15', 'M'),
('u4444444-4444-4444-4444-444444444444', 'p4444444-4444-4444-4444-444444444444', 'b3333333-3333-3333-3333-333333333333', 'Ana', NULL, 'Torres', NULL, '1998-11-01', 'F'),
('u5555555-5555-5555-5555-555555555555', 'p5555555-5555-5555-5555-555555555555', 'b4444444-4444-4444-4444-444444444444', 'Luis', NULL, 'Gomez', NULL, '1992-09-09', 'M');

-- 🥉 5. person_document
INSERT INTO identity.person_document (
    person_document_id, person_id, document_type_id,
    issuing_country_id, document_number, issued_on, expires_on
) VALUES
('pd111111-1111-1111-1111-111111111111', 'u1111111-1111-1111-1111-111111111111', 'd1111111-aaaa-1111-1111-111111111111', 'b1111111-1111-1111-1111-111111111111', '10001', '2015-01-01', '2030-01-01'),
('pd222222-2222-2222-2222-222222222222', 'u2222222-2222-2222-2222-222222222222', 'd2222222-aaaa-2222-2222-222222222222', 'b1111111-1111-1111-1111-111111111111', '20002', '2016-02-02', '2031-02-02'),
('pd333333-3333-3333-3333-333333333333', 'u3333333-3333-3333-3333-333333333333', 'd3333333-aaaa-3333-3333-333333333333', 'b2222222-2222-2222-2222-222222222222', '30003', '2017-03-03', '2032-03-03'),
('pd444444-4444-4444-4444-444444444444', 'u4444444-4444-4444-4444-444444444444', 'd4444444-aaaa-4444-4444-444444444444', 'b3333333-3333-3333-3333-333333333333', '40004', '2018-04-04', '2033-04-04'),
('pd555555-5555-5555-5555-555555555555', 'u5555555-5555-5555-5555-555555555555', 'd5555555-aaaa-5555-5555-555555555555', 'b4444444-4444-4444-4444-444444444444', '50005', '2019-05-05', '2034-05-05');

-- 🏁 6. person_contact
INSERT INTO identity.person_contact (
    person_contact_id, person_id, contact_type_id,
    contact_value, is_primary
) VALUES
('pc111111-1111-1111-1111-111111111111', 'u1111111-1111-1111-1111-111111111111', 'c1111111-aaaa-1111-1111-111111111111', 'juan@test.com', true),
('pc222222-2222-2222-2222-222222222222', 'u2222222-2222-2222-2222-222222222222', 'c2222222-aaaa-2222-2222-222222222222', '3000000001', true),
('pc333333-3333-3333-3333-333333333333', 'u3333333-3333-3333-3333-333333333333', 'c3333333-aaaa-3333-3333-333333333333', '3000000002', true),
('pc444444-4444-4444-4444-444444444444', 'u4444444-4444-4444-4444-444444444444', 'c1111111-aaaa-1111-1111-111111111111', 'ana@test.com', true),
('pc555555-5555-5555-5555-555555555555', 'u5555555-5555-5555-5555-555555555555', 'c2222222-aaaa-2222-2222-222222222222', '3000000003', true);
