-- ============================================================
-- INSERTS COMPLETOS - DOMINIO SECURITY
-- ============================================================

-- 🥇 1. user_status
INSERT INTO security.user_status (user_status_id, status_code, status_name) VALUES
('s1111111-1111-1111-1111-111111111111', 'ACTIVE', 'Active'),
('s2222222-2222-2222-2222-222222222222', 'INACTIVE', 'Inactive'),
('s3333333-3333-3333-3333-333333333333', 'BLOCKED', 'Blocked'),
('s4444444-4444-4444-4444-444444444444', 'PENDING', 'Pending'),
('s5555555-5555-5555-5555-555555555555', 'SUSPENDED', 'Suspended');

-- 🥇 2. security_role
INSERT INTO security.security_role (security_role_id, role_code, role_name, role_description) VALUES
('r1111111-1111-1111-1111-111111111111', 'ADMIN', 'Admin', 'System administrator'),
('r2222222-2222-2222-2222-222222222222', 'USER', 'User', 'Regular user'),
('r3333333-3333-3333-3333-333333333333', 'SUPPORT', 'Support', 'Support agent'),
('r4444444-4444-4444-4444-444444444444', 'MANAGER', 'Manager', 'Manager role'),
('r5555555-5555-5555-5555-555555555555', 'GUEST', 'Guest', 'Guest access');

-- 🥇 3. security_permission
INSERT INTO security.security_permission (security_permission_id, permission_code, permission_name, permission_description) VALUES
('p1111111-aaaa-1111-1111-111111111111', 'CREATE_USER', 'CreateUser', 'Create users'),
('p2222222-aaaa-2222-2222-222222222222', 'READ_USER', 'ReadUser', 'Read users'),
('p3333333-aaaa-3333-3333-333333333333', 'UPDATE_USER', 'UpdateUser', 'Update users'),
('p4444444-aaaa-4444-4444-444444444444', 'DELETE_USER', 'DeleteUser', 'Delete users'),
('p5555555-aaaa-5555-5555-555555555555', 'VIEW_REPORTS', 'ViewReports', 'View reports');

-- 🥈 4. user_account
-- (usa los person_id del dominio identity que ya creaste)
INSERT INTO security.user_account (
    user_account_id, person_id, user_status_id,
    username, password_hash, last_login_at
) VALUES
('ua111111-1111-1111-1111-111111111111', 'u1111111-1111-1111-1111-111111111111', 's1111111-1111-1111-1111-111111111111', 'juanp', 'hash1', now()),
('ua222222-2222-2222-2222-222222222222', 'u2222222-2222-2222-2222-222222222222', 's1111111-1111-1111-1111-111111111111', 'marial', 'hash2', now()),
('ua333333-3333-3333-3333-333333333333', 'u3333333-3333-3333-3333-333333333333', 's2222222-2222-2222-2222-222222222222', 'carlosr', 'hash3', now()),
('ua444444-4444-4444-4444-444444444444', 'u4444444-4444-4444-4444-444444444444', 's3333333-3333-3333-3333-333333333333', 'anat', 'hash4', now()),
('ua555555-5555-5555-5555-555555555555', 'u5555555-5555-5555-5555-555555555555', 's4444444-4444-4444-4444-444444444444', 'luisg', 'hash5', now());

-- 🥉 5. user_role
INSERT INTO security.user_role (
    user_role_id, user_account_id, security_role_id, assigned_by_user_id
) VALUES
('ur111111-1111-1111-1111-111111111111', 'ua111111-1111-1111-1111-111111111111', 'r1111111-1111-1111-1111-111111111111', NULL),
('ur222222-2222-2222-2222-222222222222', 'ua222222-2222-2222-2222-222222222222', 'r2222222-2222-2222-2222-222222222222', 'ua111111-1111-1111-1111-111111111111'),
('ur333333-3333-3333-3333-333333333333', 'ua333333-3333-3333-3333-333333333333', 'r3333333-3333-3333-3333-333333333333', 'ua111111-1111-1111-1111-111111111111'),
('ur444444-4444-4444-4444-444444444444', 'ua444444-4444-4444-4444-444444444444', 'r4444444-4444-4444-4444-444444444444', 'ua111111-1111-1111-1111-111111111111'),
('ur555555-5555-5555-5555-555555555555', 'ua555555-5555-5555-5555-555555555555', 'r5555555-5555-5555-5555-555555555555', 'ua111111-1111-1111-1111-111111111111');

-- 🏁 6. role_permission
INSERT INTO security.role_permission (
    role_permission_id, security_role_id, security_permission_id
) VALUES
('rp111111-1111-1111-1111-111111111111', 'r1111111-1111-1111-1111-111111111111', 'p1111111-aaaa-1111-1111-111111111111'),
('rp222222-2222-2222-2222-222222222222', 'r2222222-2222-2222-2222-222222222222', 'p2222222-aaaa-2222-2222-222222222222'),
('rp333333-3333-3333-3333-333333333333', 'r3333333-3333-3333-3333-333333333333', 'p3333333-aaaa-3333-3333-333333333333'),
('rp444444-4444-4444-4444-444444444444', 'r4444444-4444-4444-4444-444444444444', 'p4444444-aaaa-4444-4444-444444444444'),
('rp555555-5555-5555-5555-555555555555', 'r5555555-5555-5555-5555-555555555555', 'p5555555-aaaa-5555-5555-555555555555');
