-- ============================================================
-- INSERTS COMPLETOS - DOMINIO LOYALTY / AIRLINE
-- ============================================================

-- 🥇 1. airline
INSERT INTO airline.airline (airline_id, home_country_id, airline_code, airline_name, iata_code, icao_code) VALUES
('al111111-1111-1111-1111-111111111111', 'b1111111-1111-1111-1111-111111111111', 'AIRCOL', 'AirColombia', 'AC', 'ACO'),
('al222222-2222-2222-2222-222222222222', 'b2222222-2222-2222-2222-222222222222', 'AIRUSA', 'AirUSA', 'AU', 'AUS'),
('al333333-3333-3333-3333-333333333333', 'b3333333-3333-3333-3333-333333333333', 'AIRMEX', 'AirMexico', 'AM', 'AMX'),
('al444444-4444-4444-4444-444444444444', 'b4444444-4444-4444-4444-444444444444', 'AIRBRA', 'AirBrazil', 'AB', 'ABR'),
('al555555-5555-5555-5555-555555555555', 'b5555555-5555-5555-5555-555555555555', 'AIRARG', 'AirArgentina', 'AA', 'AAR');

-- 🥇 2. customer_category
INSERT INTO loyalty.customer_category (customer_category_id, category_code, category_name) VALUES
('cc111111-1111-1111-1111-111111111111', 'REGULAR', 'Regular'),
('cc222222-2222-2222-2222-222222222222', 'VIP', 'Vip'),
('cc333333-3333-3333-3333-333333333333', 'CORP', 'Corporate'),
('cc444444-4444-4444-4444-444444444444', 'GOLD', 'Gold'),
('cc555555-5555-5555-5555-555555555555', 'PLAT', 'Platinum');

-- 🥇 3. benefit_type
INSERT INTO loyalty.benefit_type (benefit_type_id, benefit_code, benefit_name) VALUES
('bt111111-1111-1111-1111-111111111111', 'EXTRA_BAG', 'ExtraBag'),
('bt222222-2222-2222-2222-222222222222', 'PRIORITY', 'PriorityBoarding'),
('bt333333-3333-3333-3333-333333333333', 'LOUNGE', 'LoungeAccess'),
('bt444444-4444-4444-4444-444444444444', 'UPGRADE', 'SeatUpgrade'),
('bt555555-5555-5555-5555-555555555555', 'DISCOUNT', 'Discount');

-- 🥈 4. loyalty_program
INSERT INTO loyalty.loyalty_program (loyalty_program_id, airline_id, default_currency_id, program_code, program_name, expiration_months) VALUES
('lp111111-1111-1111-1111-111111111111', 'al111111-1111-1111-1111-111111111111', 'g1111111-1111-1111-1111-111111111111', 'COLMILES', 'ColMiles', 24),
('lp222222-2222-2222-2222-222222222222', 'al222222-2222-2222-2222-222222222222', 'g2222222-2222-2222-2222-222222222222', 'USMILES', 'UsMiles', 36),
('lp333333-3333-3333-3333-333333333333', 'al333333-3333-3333-3333-333333333333', 'g3333333-3333-3333-3333-333333333333', 'MXMILES', 'MxMiles', 24),
('lp444444-4444-4444-4444-444444444444', 'al444444-4444-4444-4444-444444444444', 'g4444444-4444-4444-4444-444444444444', 'BRMILES', 'BrMiles', 12),
('lp555555-5555-5555-5555-555555555555', 'al555555-5555-5555-5555-555555555555', 'g5555555-5555-5555-5555-555555555555', 'ARMILES', 'ArMiles', 18);

-- 🥉 5. loyalty_tier
INSERT INTO loyalty.loyalty_tier (loyalty_tier_id, loyalty_program_id, tier_code, tier_name, priority_level, required_miles) VALUES
('lt111111-1111-1111-1111-111111111111', 'lp111111-1111-1111-1111-111111111111', 'SILVER', 'Silver', 1, 0),
('lt222222-2222-2222-2222-222222222222', 'lp111111-1111-1111-1111-111111111111', 'GOLD', 'Gold', 2, 10000),
('lt333333-3333-3333-3333-333333333333', 'lp222222-2222-2222-2222-222222222222', 'SILVER', 'Silver', 1, 0),
('lt444444-4444-4444-4444-444444444444', 'lp333333-3333-3333-3333-333333333333', 'GOLD', 'Gold', 2, 15000),
('lt555555-5555-5555-5555-555555555555', 'lp444444-4444-4444-4444-444444444444', 'PLAT', 'Platinum', 3, 30000);

-- 🏅 6. customer
INSERT INTO loyalty.customer (customer_id, airline_id, person_id, customer_category_id) VALUES
('cu111111-1111-1111-1111-111111111111', 'al111111-1111-1111-1111-111111111111', 'u1111111-1111-1111-1111-111111111111', 'cc111111-1111-1111-1111-111111111111'),
('cu222222-2222-2222-2222-222222222222', 'al222222-2222-2222-2222-222222222222', 'u2222222-2222-2222-2222-222222222222', 'cc222222-2222-2222-2222-222222222222'),
('cu333333-3333-3333-3333-333333333333', 'al333333-3333-3333-3333-333333333333', 'u3333333-3333-3333-3333-333333333333', 'cc333333-3333-3333-3333-333333333333'),
('cu444444-4444-4444-4444-444444444444', 'al444444-4444-4444-4444-444444444444', 'u4444444-4444-4444-4444-444444444444', 'cc444444-4444-4444-4444-444444444444'),
('cu555555-5555-5555-5555-555555555555', 'al555555-5555-5555-5555-555555555555', 'u5555555-5555-5555-5555-555555555555', 'cc555555-5555-5555-5555-555555555555');

-- 🏁 7. loyalty_account
INSERT INTO loyalty.loyalty_account (loyalty_account_id, customer_id, loyalty_program_id, account_number) VALUES
('la111111-1111-1111-1111-111111111111', 'cu111111-1111-1111-1111-111111111111', 'lp111111-1111-1111-1111-111111111111', 'ACC1001'),
('la222222-2222-2222-2222-222222222222', 'cu222222-2222-2222-2222-222222222222', 'lp222222-2222-2222-2222-222222222222', 'ACC1002'),
('la333333-3333-3333-3333-333333333333', 'cu333333-3333-3333-3333-333333333333', 'lp333333-3333-3333-3333-333333333333', 'ACC1003'),
('la444444-4444-4444-4444-444444444444', 'cu444444-4444-4444-4444-444444444444', 'lp444444-4444-4444-4444-444444444444', 'ACC1004'),
('la555555-5555-5555-5555-555555555555', 'cu555555-5555-5555-5555-555555555555', 'lp555555-5555-5555-5555-555555555555', 'ACC1005');

-- 🎯 8. loyalty_account_tier
INSERT INTO loyalty.loyalty_account_tier (loyalty_account_tier_id, loyalty_account_id, loyalty_tier_id, assigned_at) VALUES
('lat111111-1111-1111-1111-111111111111', 'la111111-1111-1111-1111-111111111111', 'lt111111-1111-1111-1111-111111111111', now()),
('lat222222-2222-2222-2222-222222222222', 'la222222-2222-2222-2222-222222222222', 'lt333333-3333-3333-3333-333333333333', now()),
('lat333333-3333-3333-3333-333333333333', 'la333333-3333-3333-3333-333333333333', 'lt444444-4444-4444-4444-444444444444', now()),
('lat444444-4444-4444-4444-444444444444', 'la444444-4444-4444-4444-444444444444', 'lt555555-5555-5555-5555-555555555555', now()),
('lat555555-5555-5555-5555-555555555555', 'la555555-5555-5555-5555-555555555555', 'lt222222-2222-2222-2222-222222222222', now());

-- 💰 9. miles_transaction
INSERT INTO loyalty.miles_transaction (miles_transaction_id, loyalty_account_id, transaction_type, miles_delta, occurred_at) VALUES
('mt111111-1111-1111-1111-111111111111', 'la111111-1111-1111-1111-111111111111', 'EARN', 5000, now()),
('mt222222-2222-2222-2222-222222222222', 'la222222-2222-2222-2222-222222222222', 'EARN', 6000, now()),
('mt333333-3333-3333-3333-333333333333', 'la333333-3333-3333-3333-333333333333', 'REDEEM', -2000, now()),
('mt444444-4444-4444-4444-444444444444', 'la444444-4444-4444-4444-444444444444', 'EARN', 7000, now()),
('mt555555-5555-5555-5555-555555555555', 'la555555-5555-5555-5555-555555555555', 'ADJUST', 1000, now());

-- 🎁 10. customer_benefit
INSERT INTO loyalty.customer_benefit (customer_benefit_id, customer_id, benefit_type_id, granted_at) VALUES
('cb111111-1111-1111-1111-111111111111', 'cu111111-1111-1111-1111-111111111111', 'bt111111-1111-1111-1111-111111111111', now()),
('cb222222-2222-2222-2222-222222222222', 'cu222222-2222-2222-2222-222222222222', 'bt222222-2222-2222-2222-222222222222', now()),
('cb333333-3333-3333-3333-333333333333', 'cu333333-3333-3333-3333-333333333333', 'bt333333-3333-3333-3333-333333333333', now()),
('cb444444-4444-4444-4444-444444444444', 'cu444444-4444-4444-4444-444444444444', 'bt444444-4444-4444-4444-444444444444', now()),
('cb555555-5555-5555-5555-555555555555', 'cu555555-5555-5555-5555-555555555555', 'bt555555-5555-5555-5555-555555555555', now());