-- ============================================================
-- INSERTS COMPLETOS - DOMINIO AIRPORT
-- ============================================================

-- 🥇 1. airport
-- (usa address_id del dominio geography)
INSERT INTO airport.airport (airport_id, address_id, airport_name, iata_code, icao_code) VALUES
('ap111111-1111-1111-1111-111111111111', 'f1111111-1111-1111-1111-111111111111', 'NeivaAirport', 'NVA', 'SKNV'),
('ap222222-2222-2222-2222-222222222222', 'f2222222-2222-2222-2222-222222222222', 'BogotaAirport', 'BOG', 'SKBO'),
('ap333333-3333-3333-3333-333333333333', 'f3333333-3333-3333-3333-333333333333', 'MiamiAirport', 'MIA', 'KMIA'),
('ap444444-4444-4444-4444-444444444444', 'f4444444-4444-4444-4444-444444444444', 'CancunAirport', 'CUN', 'MMUN'),
('ap555555-5555-5555-5555-555555555555', 'f5555555-5555-5555-5555-555555555555', 'SaoPauloAirport', 'GRU', 'SBGR');

-- 🥇 2. terminal
INSERT INTO airport.terminal (terminal_id, airport_id, terminal_code, terminal_name) VALUES
('t1111111-1111-1111-1111-111111111111', 'ap111111-1111-1111-1111-111111111111', 'T1', 'Terminal1'),
('t2222222-2222-2222-2222-222222222222', 'ap222222-2222-2222-2222-222222222222', 'T1', 'Terminal1'),
('t3333333-3333-3333-3333-333333333333', 'ap333333-3333-3333-3333-333333333333', 'T2', 'Terminal2'),
('t4444444-4444-4444-4444-444444444444', 'ap444444-4444-4444-4444-444444444444', 'T3', 'Terminal3'),
('t5555555-5555-5555-5555-555555555555', 'ap555555-5555-5555-5555-555555555555', 'T1', 'Terminal1');

-- 🥈 3. boarding_gate
INSERT INTO airport.boarding_gate (boarding_gate_id, terminal_id, gate_code) VALUES
('g1111111-1111-1111-1111-111111111111', 't1111111-1111-1111-1111-111111111111', 'G1'),
('g2222222-2222-2222-2222-222222222222', 't2222222-2222-2222-2222-222222222222', 'G2'),
('g3333333-3333-3333-3333-333333333333', 't3333333-3333-3333-3333-333333333333', 'G3'),
('g4444444-4444-4444-4444-444444444444', 't4444444-4444-4444-4444-444444444444', 'G4'),
('g5555555-5555-5555-5555-555555555555', 't5555555-5555-5555-5555-555555555555', 'G5');

-- 🥉 4. runway
INSERT INTO airport.runway (runway_id, airport_id, runway_code, length_meters, surface_type) VALUES
('rw111111-1111-1111-1111-111111111111', 'ap111111-1111-1111-1111-111111111111', 'RW1', 1800, 'Asphalt'),
('rw222222-2222-2222-2222-222222222222', 'ap222222-2222-2222-2222-222222222222', 'RW2', 3000, 'Concrete'),
('rw333333-3333-3333-3333-333333333333', 'ap333333-3333-3333-3333-333333333333', 'RW3', 3200, 'Concrete'),
('rw444444-4444-4444-4444-444444444444', 'ap444444-4444-4444-4444-444444444444', 'RW4', 2800, 'Asphalt'),
('rw555555-5555-5555-5555-555555555555', 'ap555555-5555-5555-5555-555555555555', 'RW5', 3500, 'Concrete');

-- 🏁 5. airport_regulation
INSERT INTO airport.airport_regulation (
    airport_regulation_id, airport_id, regulation_code,
    regulation_title, issuing_authority, effective_from
) VALUES
('ar111111-1111-1111-1111-111111111111', 'ap111111-1111-1111-1111-111111111111', 'REG1', 'SecurityRule', 'AviationAuthority', '2024-01-01'),
('ar222222-2222-2222-2222-222222222222', 'ap222222-2222-2222-2222-222222222222', 'REG2', 'SafetyRule', 'AviationAuthority', '2024-01-01'),
('ar333333-3333-3333-3333-333333333333', 'ap333333-3333-3333-3333-333333333333', 'REG3', 'BoardingRule', 'FAA', '2024-01-01'),
('ar444444-4444-4444-4444-444444444444', 'ap444444-4444-4444-4444-444444444444', 'REG4', 'LuggageRule', 'TransportAgency', '2024-01-01'),
('ar555555-5555-5555-5555-555555555555', 'ap555555-5555-5555-5555-555555555555', 'REG5', 'RunwayRule', 'GlobalAviation', '2024-01-01');