-- ============================================================
-- INSERTS COMPLETOS - DOMINIO AIRCRAFT
-- ============================================================

-- 🥇 1. aircraft_manufacturer
INSERT INTO aircraft.aircraft_manufacturer (aircraft_manufacturer_id, manufacturer_name) VALUES
('am111111-1111-1111-1111-111111111111', 'Boeing'),
('am222222-2222-2222-2222-222222222222', 'Airbus'),
('am333333-3333-3333-3333-333333333333', 'Embraer'),
('am444444-4444-4444-4444-444444444444', 'Bombardier'),
('am555555-5555-5555-5555-555555555555', 'Cessna');

-- 🥇 2. aircraft_model
INSERT INTO aircraft.aircraft_model (aircraft_model_id, aircraft_manufacturer_id, model_code, model_name, max_range_km) VALUES
('md111111-1111-1111-1111-111111111111', 'am111111-1111-1111-1111-111111111111', 'B737', 'Boeing737', 5600),
('md222222-2222-2222-2222-222222222222', 'am222222-2222-2222-2222-222222222222', 'A320', 'AirbusA320', 6100),
('md333333-3333-3333-3333-333333333333', 'am333333-3333-3333-3333-333333333333', 'E190', 'Embraer190', 4500),
('md444444-4444-4444-4444-444444444444', 'am444444-4444-4444-4444-444444444444', 'CRJ9', 'CRJ900', 3000),
('md555555-5555-5555-5555-555555555555', 'am555555-5555-5555-5555-555555555555', 'C172', 'Cessna172', 1200);

-- 🥇 3. cabin_class
INSERT INTO aircraft.cabin_class (cabin_class_id, class_code, class_name) VALUES
('ccab1111-1111-1111-1111-111111111111', 'ECO', 'Economy'),
('ccab2222-2222-2222-2222-222222222222', 'BUS', 'Business'),
('ccab3333-3333-3333-3333-333333333333', 'FST', 'First'),
('ccab4444-4444-4444-4444-444444444444', 'PRE', 'Premium'),
('ccab5555-5555-5555-5555-555555555555', 'BSC', 'Basic');

-- 🥈 4. aircraft
INSERT INTO aircraft.aircraft (aircraft_id, airline_id, aircraft_model_id, registration_number, serial_number, in_service_on) VALUES
('ac111111-1111-1111-1111-111111111111', 'al111111-1111-1111-1111-111111111111', 'md111111-1111-1111-1111-111111111111', 'HK1001', 'SN1001', '2020-01-01'),
('ac222222-2222-2222-2222-222222222222', 'al222222-2222-2222-2222-222222222222', 'md222222-2222-2222-2222-222222222222', 'US2001', 'SN2001', '2019-05-10'),
('ac333333-3333-3333-3333-333333333333', 'al333333-3333-3333-3333-333333333333', 'md333333-3333-3333-3333-333333333333', 'MX3001', 'SN3001', '2021-03-15'),
('ac444444-4444-4444-4444-444444444444', 'al444444-4444-4444-4444-444444444444', 'md444444-4444-4444-4444-444444444444', 'BR4001', 'SN4001', '2018-07-20'),
('ac555555-5555-5555-5555-555555555555', 'al555555-5555-5555-5555-555555555555', 'md555555-5555-5555-5555-555555555555', 'AR5001', 'SN5001', '2022-09-01');

-- 🥉 5. aircraft_cabin
INSERT INTO aircraft.aircraft_cabin (aircraft_cabin_id, aircraft_id, cabin_class_id, cabin_code, deck_number) VALUES
('cab111111-1111-1111-1111-111111111111', 'ac111111-1111-1111-1111-111111111111', 'ccab1111-1111-1111-1111-111111111111', 'E1', 1),
('cab222222-2222-2222-2222-222222222222', 'ac222222-2222-2222-2222-222222222222', 'ccab2222-2222-2222-2222-222222222222', 'B1', 1),
('cab333333-3333-3333-3333-333333333333', 'ac333333-3333-3333-3333-333333333333', 'ccab1111-1111-1111-1111-111111111111', 'E2', 1),
('cab444444-4444-4444-4444-444444444444', 'ac444444-4444-4444-4444-444444444444', 'ccab3333-3333-3333-3333-333333333333', 'F1', 1),
('cab555555-5555-5555-5555-555555555555', 'ac555555-5555-5555-5555-555555555555', 'ccab1111-1111-1111-1111-111111111111', 'E3', 1);

-- 🏁 6. aircraft_seat
INSERT INTO aircraft.aircraft_seat (aircraft_seat_id, aircraft_cabin_id, seat_row_number, seat_column_code, is_window, is_aisle) VALUES
('st111111-1111-1111-1111-111111111111', 'cab111111-1111-1111-1111-111111111111', 1, 'A', true, false),
('st222222-2222-2222-2222-222222222222', 'cab222222-2222-2222-2222-222222222222', 1, 'B', false, true),
('st333333-3333-3333-3333-333333333333', 'cab333333-3333-3333-3333-333333333333', 2, 'C', false, true),
('st444444-4444-4444-4444-444444444444', 'cab444444-4444-4444-4444-444444444444', 1, 'D', true, false),
('st555555-5555-5555-5555-555555555555', 'cab555555-5555-5555-5555-555555555555', 3, 'E', false, true);

-- 🥇 7. maintenance_provider
INSERT INTO aircraft.maintenance_provider (maintenance_provider_id, address_id, provider_name) VALUES
('mp111111-1111-1111-1111-111111111111', 'f1111111-1111-1111-1111-111111111111', 'MaintainCol'),
('mp222222-2222-2222-2222-222222222222', 'f2222222-2222-2222-2222-222222222222', 'MaintainUSA'),
('mp333333-3333-3333-3333-333333333333', 'f3333333-3333-3333-3333-333333333333', 'MaintainMX'),
('mp444444-4444-4444-4444-444444444444', 'f4444444-4444-4444-4444-444444444444', 'MaintainBR'),
('mp555555-5555-5555-5555-555555555555', 'f5555555-5555-5555-5555-555555555555', 'MaintainAR');

-- 🥇 8. maintenance_type
INSERT INTO aircraft.maintenance_type (maintenance_type_id, type_code, type_name) VALUES
('mt111111-1111-1111-1111-111111111111', 'A', 'CheckA'),
('mt222222-2222-2222-2222-222222222222', 'B', 'CheckB'),
('mt333333-3333-3333-3333-333333333333', 'C', 'CheckC'),
('mt444444-4444-4444-4444-444444444444', 'D', 'CheckD'),
('mt555555-5555-5555-5555-555555555555', 'GEN', 'General');

-- 🏆 9. maintenance_event
INSERT INTO aircraft.maintenance_event (
    maintenance_event_id, aircraft_id, maintenance_type_id,
    maintenance_provider_id, status_code, started_at
) VALUES
('me111111-1111-1111-1111-111111111111', 'ac111111-1111-1111-1111-111111111111', 'mt111111-1111-1111-1111-111111111111', 'mp111111-1111-1111-1111-111111111111', 'PLANNED', now()),
('me222222-2222-2222-2222-222222222222', 'ac222222-2222-2222-2222-222222222222', 'mt222222-2222-2222-2222-222222222222', 'mp222222-2222-2222-2222-222222222222', 'IN_PROGRESS', now()),
('me333333-3333-3333-3333-333333333333', 'ac333333-3333-3333-3333-333333333333', 'mt333333-3333-3333-3333-333333333333', 'mp333333-3333-3333-3333-333333333333', 'COMPLETED', now()),
('me444444-4444-4444-4444-444444444444', 'ac444444-4444-4444-4444-444444444444', 'mt444444-4444-4444-4444-444444444444', 'mp444444-4444-4444-4444-444444444444', 'PLANNED', now()),
('me555555-5555-5555-5555-555555555555', 'ac555555-5555-5555-5555-555555555555', 'mt555555-5555-5555-5555-555555555555', 'mp555555-5555-5555-5555-555555555555', 'CANCELLED', now());