-- ============================================================
-- INSERTS COMPLETOS - DOMINIO FLIGHT_OPS
-- ============================================================

-- 🥇 1. flight_status
INSERT INTO flight_ops.flight_status (flight_status_id, status_code, status_name) VALUES
('fs111111-1111-1111-1111-111111111111', 'SCH', 'Scheduled'),
('fs222222-2222-2222-2222-222222222222', 'BRD', 'Boarding'),
('fs333333-3333-3333-3333-333333333333', 'DEP', 'Departed'),
('fs444444-4444-4444-4444-444444444444', 'ARR', 'Arrived'),
('fs555555-5555-5555-5555-555555555555', 'CNL', 'Cancelled');

-- 🥇 2. delay_reason_type
INSERT INTO flight_ops.delay_reason_type (delay_reason_type_id, reason_code, reason_name) VALUES
('dr111111-1111-1111-1111-111111111111', 'WX', 'Weather'),
('dr222222-2222-2222-2222-222222222222', 'MX', 'Maintenance'),
('dr333333-3333-3333-3333-333333333333', 'ATC', 'AirTraffic'),
('dr444444-4444-4444-4444-444444444444', 'OPS', 'Operations'),
('dr555555-5555-5555-5555-555555555555', 'SEC', 'Security');

-- 🥈 3. flight
INSERT INTO flight_ops.flight (flight_id, airline_id, aircraft_id, flight_status_id, flight_number, service_date) VALUES
('fl111111-1111-1111-1111-111111111111', 'al111111-1111-1111-1111-111111111111', 'ac111111-1111-1111-1111-111111111111', 'fs111111-1111-1111-1111-111111111111', 'AV100', '2026-04-18'),
('fl222222-2222-2222-2222-222222222222', 'al222222-2222-2222-2222-222222222222', 'ac222222-2222-2222-2222-222222222222', 'fs222222-2222-2222-2222-222222222222', 'UA200', '2026-04-18'),
('fl333333-3333-3333-3333-333333333333', 'al333333-3333-3333-3333-333333333333', 'ac333333-3333-3333-3333-333333333333', 'fs333333-3333-3333-3333-333333333333', 'MX300', '2026-04-18'),
('fl444444-4444-4444-4444-444444444444', 'al444444-4444-4444-4444-444444444444', 'ac444444-4444-4444-4444-444444444444', 'fs444444-4444-4444-4444-444444444444', 'BR400', '2026-04-18'),
('fl555555-5555-5555-5555-555555555555', 'al555555-5555-5555-5555-555555555555', 'ac555555-5555-5555-5555-555555555555', 'fs555555-5555-5555-5555-555555555555', 'AR500', '2026-04-18');

-- 🥉 4. flight_segment
INSERT INTO flight_ops.flight_segment (
    flight_segment_id,
    flight_id,
    origin_airport_id,
    destination_airport_id,
    segment_number,
    scheduled_departure_at,
    scheduled_arrival_at
) VALUES
('seg111111-1111-1111-1111-111111111111', 'fl111111-1111-1111-1111-111111111111', 'ap111111-1111-1111-1111-111111111111', 'ap222222-2222-2222-2222-222222222222', 1, now(), now() + interval '2 hours'),
('seg222222-2222-2222-2222-222222222222', 'fl222222-2222-2222-2222-222222222222', 'ap222222-2222-2222-2222-222222222222', 'ap333333-3333-3333-3333-333333333333', 1, now(), now() + interval '3 hours'),
('seg333333-3333-3333-3333-333333333333', 'fl333333-3333-3333-3333-333333333333', 'ap333333-3333-3333-3333-333333333333', 'ap444444-4444-4444-4444-444444444444', 1, now(), now() + interval '4 hours'),
('seg444444-4444-4444-4444-444444444444', 'fl444444-4444-4444-4444-444444444444', 'ap444444-4444-4444-4444-444444444444', 'ap555555-5555-5555-5555-555555555555', 1, now(), now() + interval '5 hours'),
('seg555555-5555-5555-5555-555555555555', 'fl555555-5555-5555-5555-555555555555', 'ap555555-5555-5555-5555-555555555555', 'ap111111-1111-1111-1111-111111111111', 1, now(), now() + interval '2 hours');

-- 🏆 5. flight_delay
INSERT INTO flight_ops.flight_delay (
    flight_delay_id,
    flight_segment_id,
    delay_reason_type_id,
    reported_at,
    delay_minutes
) VALUES
('fd111111-1111-1111-1111-111111111111', 'seg111111-1111-1111-1111-111111111111', 'dr111111-1111-1111-1111-111111111111', now(), 30),
('fd222222-2222-2222-2222-222222222222', 'seg222222-2222-2222-2222-222222222222', 'dr222222-2222-2222-2222-222222222222', now(), 45),
('fd333333-3333-3333-3333-333333333333', 'seg333333-3333-3333-3333-333333333333', 'dr333333-3333-3333-3333-333333333333', now(), 20),
('fd444444-4444-4444-4444-444444444444', 'seg444444-4444-4444-4444-444444444444', 'dr444444-4444-4444-4444-444444444444', now(), 60),
('fd555555-5555-5555-5555-555555555555', 'seg555555-5555-5555-5555-555555555555', 'dr555555-5555-5555-5555-555555555555', now(), 15);