-- ============================================================
-- INSERTS COMPLETOS - DOMINIO COMMERCIAL
-- ============================================================

-- 🥇 1. reservation_status
INSERT INTO commercial.reservation_status (reservation_status_id, status_code, status_name) VALUES
('rs111111-1111-1111-1111-111111111111', 'NEW', 'New'),
('rs222222-2222-2222-2222-222222222222', 'CONF', 'Confirmed'),
('rs333333-3333-3333-3333-333333333333', 'HOLD', 'OnHold'),
('rs444444-4444-4444-4444-444444444444', 'CANC', 'Cancelled'),
('rs555555-5555-5555-5555-555555555555', 'EXPR', 'Expired');

-- 🥇 2. sale_channel
INSERT INTO commercial.sale_channel (sale_channel_id, channel_code, channel_name) VALUES
('sc111111-1111-1111-1111-111111111111', 'WEB', 'Website'),
('sc222222-2222-2222-2222-222222222222', 'APP', 'MobileApp'),
('sc333333-3333-3333-3333-333333333333', 'AGT', 'Agency'),
('sc444444-4444-4444-4444-444444444444', 'CNT', 'CallCenter'),
('sc555555-5555-5555-5555-555555555555', 'AIR', 'AirportDesk');

-- 🥇 3. fare_class
INSERT INTO commercial.fare_class (fare_class_id, cabin_class_id, fare_class_code, fare_class_name) VALUES
('fc111111-1111-1111-1111-111111111111', 'ccab1111-1111-1111-1111-111111111111', 'ECO1', 'EconomyBasic'),
('fc222222-2222-2222-2222-222222222222', 'ccab2222-2222-2222-2222-222222222222', 'BUS1', 'BusinessFlex'),
('fc333333-3333-3333-3333-333333333333', 'ccab3333-3333-3333-3333-333333333333', 'FST1', 'FirstElite'),
('fc444444-4444-4444-4444-444444444444', 'ccab4444-4444-4444-4444-444444444444', 'PRE1', 'PremiumPlus'),
('fc555555-5555-5555-5555-555555555555', 'ccab1111-1111-1111-1111-111111111111', 'ECO2', 'EconomyFlex');

-- 🥈 4. fare
INSERT INTO commercial.fare (
    fare_id, airline_id, origin_airport_id, destination_airport_id,
    fare_class_id, currency_id, fare_code, base_amount, valid_from
) VALUES
('fa111111-1111-1111-1111-111111111111', 'al111111-1111-1111-1111-111111111111', 'ap111111-1111-1111-1111-111111111111', 'ap222222-2222-2222-2222-222222222222', 'fc111111-1111-1111-1111-111111111111', 'g1111111-1111-1111-1111-111111111111', 'F100', 200.00, '2026-01-01'),
('fa222222-2222-2222-2222-222222222222', 'al222222-2222-2222-2222-222222222222', 'ap222222-2222-2222-2222-222222222222', 'ap333333-3333-3333-3333-333333333333', 'fc222222-2222-2222-2222-222222222222', 'g2222222-2222-2222-2222-222222222222', 'F200', 500.00, '2026-01-01'),
('fa333333-3333-3333-3333-333333333333', 'al333333-3333-3333-3333-333333333333', 'ap333333-3333-3333-3333-333333333333', 'ap444444-4444-4444-4444-444444444444', 'fc333333-3333-3333-3333-333333333333', 'g3333333-3333-3333-3333-333333333333', 'F300', 800.00, '2026-01-01'),
('fa444444-4444-4444-4444-444444444444', 'al444444-4444-4444-4444-444444444444', 'ap444444-4444-4444-4444-444444444444', 'ap555555-5555-5555-5555-555555555555', 'fc444444-4444-4444-4444-444444444444', 'g4444444-4444-4444-4444-444444444444', 'F400', 600.00, '2026-01-01'),
('fa555555-5555-5555-5555-555555555555', 'al555555-5555-5555-5555-555555555555', 'ap555555-5555-5555-5555-555555555555', 'ap111111-1111-1111-1111-111111111111', 'fc555555-5555-5555-5555-555555555555', 'g5555555-5555-5555-5555-555555555555', 'F500', 300.00, '2026-01-01');

-- 🥇 5. ticket_status
INSERT INTO commercial.ticket_status (ticket_status_id, status_code, status_name) VALUES
('ts111111-1111-1111-1111-111111111111', 'ISS', 'Issued'),
('ts222222-2222-2222-2222-222222222222', 'USE', 'Used'),
('ts333333-3333-3333-3333-333333333333', 'REF', 'Refunded'),
('ts444444-4444-4444-4444-444444444444', 'EXP', 'Expired'),
('ts555555-5555-5555-5555-555555555555', 'CAN', 'Cancelled');

-- 🥈 6. reservation
INSERT INTO commercial.reservation (
    reservation_id, booked_by_customer_id, reservation_status_id,
    sale_channel_id, reservation_code, booked_at
) VALUES
('rv111111-1111-1111-1111-111111111111', 'cu111111-1111-1111-1111-111111111111', 'rs111111-1111-1111-1111-111111111111', 'sc111111-1111-1111-1111-111111111111', 'R100', now()),
('rv222222-2222-2222-2222-222222222222', 'cu222222-2222-2222-2222-222222222222', 'rs222222-2222-2222-2222-222222222222', 'sc222222-2222-2222-2222-222222222222', 'R200', now()),
('rv333333-3333-3333-3333-333333333333', 'cu333333-3333-3333-3333-333333333333', 'rs333333-3333-3333-3333-333333333333', 'sc333333-3333-3333-3333-333333333333', 'R300', now()),
('rv444444-4444-4444-4444-444444444444', 'cu444444-4444-4444-4444-444444444444', 'rs444444-4444-4444-4444-444444444444', 'sc444444-4444-4444-4444-444444444444', 'R400', now()),
('rv555555-5555-5555-5555-555555555555', 'cu555555-5555-5555-5555-555555555555', 'rs555555-5555-5555-5555-555555555555', 'sc555555-5555-5555-5555-555555555555', 'R500', now());

-- 🥉 7. reservation_passenger
INSERT INTO commercial.reservation_passenger (
    reservation_passenger_id, reservation_id, person_id,
    passenger_sequence_no, passenger_type
) VALUES
('rp111111-1111-1111-1111-111111111111', 'rv111111-1111-1111-1111-111111111111', 'p1111111-1111-1111-1111-111111111111', 1, 'ADULT'),
('rp222222-2222-2222-2222-222222222222', 'rv222222-2222-2222-2222-222222222222', 'p2222222-2222-2222-2222-222222222222', 1, 'ADULT'),
('rp333333-3333-3333-3333-333333333333', 'rv333333-3333-3333-3333-333333333333', 'p3333333-3333-3333-3333-333333333333', 1, 'ADULT'),
('rp444444-4444-4444-4444-444444444444', 'rv444444-4444-4444-4444-444444444444', 'p4444444-4444-4444-4444-444444444444', 1, 'ADULT'),
('rp555555-5555-5555-5555-555555555555', 'rv555555-5555-5555-5555-555555555555', 'p5555555-5555-5555-5555-555555555555', 1, 'ADULT');

-- 🏁 8. sale
INSERT INTO commercial.sale (sale_id, reservation_id, currency_id, sale_code, sold_at) VALUES
('sl111111-1111-1111-1111-111111111111', 'rv111111-1111-1111-1111-111111111111', 'g1111111-1111-1111-1111-111111111111', 'S100', now()),
('sl222222-2222-2222-2222-222222222222', 'rv222222-2222-2222-2222-222222222222', 'g2222222-2222-2222-2222-222222222222', 'S200', now()),
('sl333333-3333-3333-3333-333333333333', 'rv333333-3333-3333-3333-333333333333', 'g3333333-3333-3333-3333-333333333333', 'S300', now()),
('sl444444-4444-4444-4444-444444444444', 'rv444444-4444-4444-4444-444444444444', 'g4444444-4444-4444-4444-444444444444', 'S400', now()),
('sl555555-5555-5555-5555-555555555555', 'rv555555-5555-5555-5555-555555555555', 'g5555555-5555-5555-5555-555555555555', 'S500', now());

-- 🏆 9. ticket
INSERT INTO commercial.ticket (
    ticket_id, sale_id, reservation_passenger_id,
    fare_id, ticket_status_id, ticket_number, issued_at
) VALUES
('tk111111-1111-1111-1111-111111111111', 'sl111111-1111-1111-1111-111111111111', 'rp111111-1111-1111-1111-111111111111', 'fa111111-1111-1111-1111-111111111111', 'ts111111-1111-1111-1111-111111111111', 'T100', now()),
('tk222222-2222-2222-2222-222222222222', 'sl222222-2222-2222-2222-222222222222', 'rp222222-2222-2222-2222-222222222222', 'fa222222-2222-2222-2222-222222222222', 'ts222222-2222-2222-2222-222222222222', 'T200', now()),
('tk333333-3333-3333-3333-333333333333', 'sl333333-3333-3333-3333-333333333333', 'rp333333-3333-3333-3333-333333333333', 'fa333333-3333-3333-3333-333333333333', 'ts333333-3333-3333-3333-333333333333', 'T300', now()),
('tk444444-4444-4444-4444-444444444444', 'sl444444-4444-4444-4444-444444444444', 'rp444444-4444-4444-4444-444444444444', 'fa444444-4444-4444-4444-444444444444', 'ts444444-4444-4444-4444-444444444444', 'T400', now()),
('tk555555-5555-5555-5555-555555555555', 'sl555555-5555-5555-5555-555555555555', 'rp555555-5555-5555-5555-555555555555', 'fa555555-5555-5555-5555-555555555555', 'ts555555-5555-5555-5555-555555555555', 'T500', now());

-- 🏅 10. ticket_segment
INSERT INTO commercial.ticket_segment (
    ticket_segment_id, ticket_id, flight_segment_id, segment_sequence_no
) VALUES
('tsg111111-1111-1111-1111-111111111111', 'tk111111-1111-1111-1111-111111111111', 'seg111111-1111-1111-1111-111111111111', 1),
('tsg222222-2222-2222-2222-222222222222', 'tk222222-2222-2222-2222-222222222222', 'seg222222-2222-2222-2222-222222222222', 1),
('tsg333333-3333-3333-3333-333333333333', 'tk333333-3333-3333-3333-333333333333', 'seg333333-3333-3333-3333-333333333333', 1),
('tsg444444-4444-4444-4444-444444444444', 'tk444444-4444-4444-4444-444444444444', 'seg444444-4444-4444-4444-444444444444', 1),
('tsg555555-5555-5555-5555-555555555555', 'tk555555-5555-5555-5555-555555555555', 'seg555555-5555-5555-5555-555555555555', 1);

-- 🏆 11. seat_assignment
INSERT INTO commercial.seat_assignment (
    seat_assignment_id, ticket_segment_id, flight_segment_id,
    aircraft_seat_id, assigned_at, assignment_source
) VALUES
('sa111111-1111-1111-1111-111111111111', 'tsg111111-1111-1111-1111-111111111111', 'seg111111-1111-1111-1111-111111111111', 'st111111-1111-1111-1111-111111111111', now(), 'AUTO'),
('sa222222-2222-2222-2222-222222222222', 'tsg222222-2222-2222-2222-222222222222', 'seg222222-2222-2222-2222-222222222222', 'st222222-2222-2222-2222-222222222222', now(), 'MANUAL'),
('sa333333-3333-3333-3333-333333333333', 'tsg333333-3333-3333-3333-333333333333', 'seg333333-3333-3333-3333-333333333333', 'st333333-3333-3333-3333-333333333333', now(), 'CUSTOMER'),
('sa444444-4444-4444-4444-444444444444', 'tsg444444-4444-4444-4444-444444444444', 'seg444444-4444-4444-4444-444444444444', 'st444444-4444-4444-4444-444444444444', now(), 'AUTO'),
('sa555555-5555-5555-5555-555555555555', 'tsg555555-5555-5555-5555-555555555555', 'seg555555-5555-5555-5555-555555555555', 'st555555-5555-5555-5555-555555555555', now(), 'MANUAL');

-- 🏁 12. baggage
INSERT INTO commercial.baggage (
    baggage_id, ticket_segment_id, baggage_tag,
    baggage_type, baggage_status, weight_kg
) VALUES
('bg111111-1111-1111-1111-111111111111', 'tsg111111-1111-1111-1111-111111111111', 'B100', 'CHECKED', 'REGISTERED', 20),
('bg222222-2222-2222-2222-222222222222', 'tsg222222-2222-2222-2222-222222222222', 'B200', 'CHECKED', 'LOADED', 18),
('bg333333-3333-3333-3333-333333333333', 'tsg333333-3333-3333-3333-333333333333', 'B300', 'CARRY_ON', 'CLAIMED', 8),
('bg444444-4444-4444-4444-444444444444', 'tsg444444-4444-4444-4444-444444444444', 'B400', 'SPECIAL', 'REGISTERED', 25),
('bg555555-5555-5555-5555-555555555555', 'tsg555555-5555-5555-5555-555555555555', 'B500', 'CHECKED', 'LOST', 22);