-- ============================================================
-- INSERTS – DOMINIO 9: EMBARQUE Y CHECK-IN
-- ============================================================

-- 🥇 1. boarding_group
INSERT INTO commercial.boarding_group (boarding_group_id, group_code, group_name, sequence_no) VALUES
('bg111111-1111-1111-1111-111111111111', 'G1', 'GroupOne', 1),
('bg222222-2222-2222-2222-222222222222', 'G2', 'GroupTwo', 2),
('bg333333-3333-3333-3333-333333333333', 'G3', 'GroupThree', 3),
('bg444444-4444-4444-4444-444444444444', 'G4', 'GroupFour', 4),
('bg555555-5555-5555-5555-555555555555', 'G5', 'GroupFive', 5);


-- 🥈 2. check_in_status
INSERT INTO commercial.check_in_status (check_in_status_id, status_code, status_name) VALUES
('cs111111-1111-1111-1111-111111111111', 'PENDING', 'Pending'),
('cs222222-2222-2222-2222-222222222222', 'CHECKED', 'Checked'),
('cs333333-3333-3333-3333-333333333333', 'CANCELLED', 'Cancelled'),
('cs444444-4444-4444-4444-444444444444', 'NO_SHOW', 'NoShow'),
('cs555555-5555-5555-5555-555555555555', 'BOARDING', 'Boarding');


-- 🥉 3. check_in
-- depende de: ticket_segment, check_in_status, boarding_group, user_account

INSERT INTO commercial.check_in (
    check_in_id,
    ticket_segment_id,
    check_in_status_id,
    boarding_group_id,
    checked_in_by_user_id,
    checked_in_at
) VALUES
('ci111111-1111-1111-1111-111111111111', 'ts111111-1111-1111-1111-111111111111', 'cs222222-2222-2222-2222-222222222222', 'bg111111-1111-1111-1111-111111111111', 'ua111111-1111-1111-1111-111111111111', now()),
('ci222222-2222-2222-2222-222222222222', 'ts222222-2222-2222-2222-222222222222', 'cs222222-2222-2222-2222-222222222222', 'bg222222-2222-2222-2222-222222222222', 'ua222222-2222-2222-2222-222222222222', now()),
('ci333333-3333-3333-3333-333333333333', 'ts333333-3333-3333-3333-333333333333', 'cs111111-1111-1111-1111-111111111111', 'bg333333-3333-3333-3333-333333333333', 'ua333333-3333-3333-3333-333333333333', now()),
('ci444444-4444-4444-4444-444444444444', 'ts444444-4444-4444-4444-444444444444', 'cs555555-5555-5555-5555-555555555555', 'bg444444-4444-4444-4444-444444444444', 'ua444444-4444-4444-4444-444444444444', now()),
('ci555555-5555-5555-5555-555555555555', 'ts555555-5555-5555-5555-555555555555', 'cs222222-2222-2222-2222-222222222222', 'bg555555-5555-5555-5555-555555555555', 'ua555555-5555-5555-5555-555555555555', now());


-- 🏅 4. boarding_pass
INSERT INTO commercial.boarding_pass (
    boarding_pass_id,
    check_in_id,
    boarding_pass_code,
    barcode_value,
    issued_at
) VALUES
('bp111111-1111-1111-1111-111111111111', 'ci111111-1111-1111-1111-111111111111', 'BP001', 'BARCODE001', now()),
('bp222222-2222-2222-2222-222222222222', 'ci222222-2222-2222-2222-222222222222', 'BP002', 'BARCODE002', now()),
('bp333333-3333-3333-3333-333333333333', 'ci333333-3333-3333-3333-333333333333', 'BP003', 'BARCODE003', now()),
('bp444444-4444-4444-4444-444444444444', 'ci444444-4444-4444-4444-444444444444', 'BP004', 'BARCODE004', now()),
('bp555555-5555-5555-5555-555555555555', 'ci555555-5555-5555-5555-555555555555', 'BP005', 'BARCODE005', now());


-- 🏁 5. boarding_validation
-- depende de: boarding_pass, boarding_gate, user_account

INSERT INTO commercial.boarding_validation (
    boarding_validation_id,
    boarding_pass_id,
    boarding_gate_id,
    validated_by_user_id,
    validated_at,
    validation_result
) VALUES
('bv111111-1111-1111-1111-111111111111', 'bp111111-1111-1111-1111-111111111111', 'gate111111-1111-1111-1111-111111111111', 'ua111111-1111-1111-1111-111111111111', now(), 'APPROVED'),
('bv222222-2222-2222-2222-222222222222', 'bp222222-2222-2222-2222-222222222222', 'gate222222-2222-2222-2222-222222222222', 'ua222222-2222-2222-2222-222222222222', now(), 'APPROVED'),
('bv333333-3333-3333-3333-333333333333', 'bp333333-3333-3333-3333-333333333333', 'gate333333-3333-3333-3333-333333333333', 'ua333333-3333-3333-3333-333333333333', now(), 'REJECTED'),
('bv444444-4444-4444-4444-444444444444', 'bp444444-4444-4444-4444-444444444444', 'gate444444-4444-4444-4444-444444444444', 'ua444444-4444-4444-4444-444444444444', now(), 'MANUAL_REVIEW'),
('bv555555-5555-5555-5555-555555555555', 'bp555555-5555-5555-5555-555555555555', 'gate555555-5555-5555-5555-555555555555', 'ua555555-5555-5555-5555-555555555555', now(), 'APPROVED');