-- ============================================================
-- INSERTS – DOMINIO 10: PAGOS
-- ============================================================

-- 🥇 1. payment_status
INSERT INTO payment.payment_status (payment_status_id, status_code, status_name) VALUES
('ps111111-1111-1111-1111-111111111111', 'PENDING', 'Pending'),
('ps222222-2222-2222-2222-222222222222', 'AUTHORIZED', 'Authorized'),
('ps333333-3333-3333-3333-333333333333', 'CAPTURED', 'Captured'),
('ps444444-4444-4444-4444-444444444444', 'FAILED', 'Failed'),
('ps555555-5555-5555-5555-555555555555', 'REFUNDED', 'Refunded');


-- 🥈 2. payment_method
INSERT INTO payment.payment_method (payment_method_id, method_code, method_name) VALUES
('pm111111-1111-1111-1111-111111111111', 'CARD', 'Card'),
('pm222222-2222-2222-2222-222222222222', 'CASH', 'Cash'),
('pm333333-3333-3333-3333-333333333333', 'TRANSFER', 'Transfer'),
('pm444444-4444-4444-4444-444444444444', 'PSE', 'PSE'),
('pm555555-5555-5555-5555-555555555555', 'WALLET', 'Wallet');


-- 🥉 3. payment
-- depende de: sale, payment_status, payment_method, currency

INSERT INTO payment.payment (
    payment_id,
    sale_id,
    payment_status_id,
    payment_method_id,
    currency_id,
    payment_reference,
    amount,
    authorized_at
) VALUES
('pay111111-1111-1111-1111-111111111111', 'sale111111-1111-1111-1111-111111111111', 'ps333333-3333-3333-3333-333333333333', 'pm111111-1111-1111-1111-111111111111', 'g2222222-2222-2222-2222-222222222222', 'PAY001', 500.00, now()),
('pay222222-2222-2222-2222-222222222222', 'sale222222-2222-2222-2222-222222222222', 'ps222222-2222-2222-2222-222222222222', 'pm444444-4444-4444-4444-444444444444', 'g1111111-1111-1111-1111-111111111111', 'PAY002', 300.00, now()),
('pay333333-3333-3333-3333-333333333333', 'sale333333-3333-3333-3333-333333333333', 'ps111111-1111-1111-1111-111111111111', 'pm222222-2222-2222-2222-222222222222', 'g3333333-3333-3333-3333-333333333333', 'PAY003', 200.00, now()),
('pay444444-4444-4444-4444-444444444444', 'sale444444-4444-4444-4444-444444444444', 'ps444444-4444-4444-4444-444444444444', 'pm333333-3333-3333-3333-333333333333', 'g4444444-4444-4444-4444-444444444444', 'PAY004', 150.00, now()),
('pay555555-5555-5555-5555-555555555555', 'sale555555-5555-5555-5555-555555555555', 'ps555555-5555-5555-5555-555555555555', 'pm555555-5555-5555-5555-555555555555', 'g5555555-5555-5555-5555-555555555555', 'PAY005', 100.00, now());


-- 🏅 4. payment_transaction
INSERT INTO payment.payment_transaction (
    payment_transaction_id,
    payment_id,
    transaction_reference,
    transaction_type,
    transaction_amount,
    processed_at
) VALUES
('pt111111-1111-1111-1111-111111111111', 'pay111111-1111-1111-1111-111111111111', 'TX001', 'CAPTURE', 500.00, now()),
('pt222222-2222-2222-2222-222222222222', 'pay222222-2222-2222-2222-222222222222', 'TX002', 'AUTH', 300.00, now()),
('pt333333-3333-3333-3333-333333333333', 'pay333333-3333-3333-3333-333333333333', 'TX003', 'AUTH', 200.00, now()),
('pt444444-4444-4444-4444-444444444444', 'pay444444-4444-4444-4444-444444444444', 'TX004', 'VOID', 150.00, now()),
('pt555555-5555-5555-5555-555555555555', 'pay555555-5555-5555-5555-555555555555', 'TX005', 'REFUND', 100.00, now());


-- 🏁 5. refund
INSERT INTO payment.refund (
    refund_id,
    payment_id,
    refund_reference,
    amount,
    requested_at,
    processed_at,
    refund_reason
) VALUES
('rf111111-1111-1111-1111-111111111111', 'pay555555-5555-5555-5555-555555555555', 'REF001', 100.00, now(), now(), 'CustomerRequest'),
('rf222222-2222-2222-2222-222222222222', 'pay444444-4444-4444-4444-444444444444', 'REF002', 150.00, now(), now(), 'FlightCancelled'),
('rf333333-3333-3333-3333-333333333333', 'pay333333-3333-3333-3333-333333333333', 'REF003', 200.00, now(), now(), 'SystemError'),
('rf444444-4444-4444-4444-444444444444', 'pay222222-2222-2222-2222-222222222222', 'REF004', 50.00, now(), now(), 'PartialRefund'),
('rf555555-5555-5555-5555-555555555555', 'pay111111-1111-1111-1111-111111111111', 'REF005', 25.00, now(), now(), 'Adjustment');